time,precipitation_sum (mm),wind_speed_10m_max (km/h),temperature_2m_mean (°C)
2021-05-10,1.90,33.4,12.6
2021-05-11,0.60,26.0,11.4
2021-05-12,1.10,20.8,11.9
2021-05-13,5.30,18.3,10.8
2021-05-14,0.50,17.8,10.2
2021-05-15,3.40,16.9,10.4
2021-05-16,7.80,21.7,10.5
2021-05-17,3.70,18.5,11.7
2021-05-18,3.30,28.1,11.1
2021-05-19,5.70,23.1,11.3
2021-05-20,0.60,39.0,10.3
2021-05-21,4.00,47.9,11.2
2021-05-22,4.80,25.8,10.7
2021-05-23,6.80,34.2,9.8
2021-05-24,10.40,31.8,10.2
2021-05-25,0.80,27.8,10.6
2021-05-26,0.60,18.8,10.8
2021-05-27,0.00,13.0,13.3
2021-05-28,0.50,9.8,14.1
2021-05-29,0.00,17.3,14.1
2021-05-30,0.00,19.5,12.6
2021-05-31,0.00,18.1,15.4
2021-06-01,0.00,23.8,17.4
2021-06-02,0.10,19.3,19.0
2021-06-03,2.00,18.3,19.1
2021-06-04,6.70,14.4,14.5
2021-06-05,0.00,12.4,16.8
2021-06-06,1.10,10.1,16.6
2021-06-07,0.20,14.5,17.1
2021-06-08,0.00,14.0,17.5
2021-06-09,0.00,16.5,17.9
2021-06-10,0.40,18.8,18.4
2021-06-11,0.00,22.9,19.2
2021-06-12,0.00,13.8,18.4
2021-06-13,0.00,14.1,19.6
2021-06-14,0.20,14.8,21.0
2021-06-15,0.20,17.9,19.0
2021-06-16,0.80,16.5,20.8
2021-06-17,11.20,13.2,19.5
2021-06-18,29.10,26.4,15.0
2021-06-19,3.00,18.5,13.8
2021-06-20,5.50,18.6,14.9
2021-06-21,11.40,25.0,12.7
2021-06-22,0.60,27.0,12.9
2021-06-23,0.00,11.4,13.8
2021-06-24,0.40,15.2,14.9
2021-06-25,2.20,15.2,16.5
2021-06-26,0.10,13.6,15.9
2021-06-27,14.40,24.4,16.7
2021-06-28,7.80,17.8,17.2
2021-06-29,1.20,19.8,16.2
2021-06-30,0.40,14.5,14.4
2021-07-01,0.10,12.7,16.3
2021-07-02,0.90,14.5,18.1
2021-07-03,2.60,22.2,17.8
2021-07-04,5.00,27.8,16.5
2021-07-05,4.00,22.0,16.1
2021-07-06,8.50,36.6,15.5
2021-07-07,2.40,27.6,16.2
2021-07-08,2.00,14.1,16.6
2021-07-09,0.60,14.3,17.6
2021-07-10,1.50,10.3,15.5
2021-07-11,1.70,15.4,16.0
2021-07-12,16.00,13.2,16.4
2021-07-13,1.60,18.4,18.0
2021-07-14,0.30,21.1,18.6
2021-07-15,0.00,19.7,17.9
2021-07-16,0.00,17.0,17.8
2021-07-17,0.00,13.2,19.9
2021-07-18,0.00,9.3,22.2
2021-07-19,0.30,10.8,22.5
2021-07-20,0.00,17.3,22.6
2021-07-21,0.60,11.6,22.3
2021-07-22,0.00,14.1,21.0
2021-07-23,0.00,25.3,18.2
2021-07-24,14.30,24.6,18.3
2021-07-25,4.50,14.7,18.3
2021-07-26,2.20,15.3,19.3
2021-07-27,3.40,20.7,18.0
2021-07-28,6.10,31.0,16.7
2021-07-29,0.20,27.8,16.6
2021-07-30,2.60,39.2,16.6
2021-07-31,5.70,17.2,16.3
2021-08-01,4.20,15.2,16.3
2021-08-02,0.40,12.3,15.1
2021-08-03,0.80,11.0,15.7
2021-08-04,0.70,9.7,16.3
2021-08-05,2.10,26.0,16.4
2021-08-06,8.10,28.8,17.1
2021-08-07,3.70,26.8,16.0
2021-08-08,4.60,30.6,16.1
2021-08-09,10.10,24.4,15.9
2021-08-10,0.10,15.0,17.1
2021-08-11,0.00,19.0,17.3
2021-08-12,0.40,23.0,18.3
2021-08-13,0.30,24.0,17.4
2021-08-14,0.00,19.4,18.3
2021-08-15,1.20,24.5,18.0
2021-08-16,0.30,23.5,15.6
2021-08-17,0.60,21.9,15.3
2021-08-18,0.70,22.8,17.9
2021-08-19,0.50,17.4,16.5
2021-08-20,0.40,13.0,17.9
2021-08-21,5.50,12.5,17.3
2021-08-22,9.60,19.9,17.6
2021-08-23,0.10,16.9,17.0
2021-08-24,0.20,22.5,16.5
2021-08-25,0.00,18.3,16.7
2021-08-26,0.00,22.4,16.3
2021-08-27,0.00,16.4,15.2
2021-08-28,0.30,23.6,15.3
2021-08-29,0.00,20.2,14.6
2021-08-30,0.40,24.4,15.8
2021-08-31,0.20,23.9,15.8
2021-09-01,0.10,19.5,15.9
2021-09-02,0.00,21.3,16.1
2021-09-03,0.20,16.3,16.4
2021-09-04,0.40,17.9,15.7
2021-09-05,0.00,12.2,17.8
2021-09-06,0.00,10.5,19.6
2021-09-07,0.00,13.8,21.1
2021-09-08,0.00,18.2,21.3
2021-09-09,3.50,21.9,18.9
2021-09-10,3.40,18.1,18.2
2021-09-11,0.10,19.8,18.0
2021-09-12,0.20,13.0,16.2
2021-09-13,0.00,18.0,16.3
2021-09-14,14.70,14.8,16.6
2021-09-15,0.10,14.9,16.7
2021-09-16,0.00,12.2,16.1
2021-09-17,0.20,18.8,16.1
2021-09-18,0.60,13.8,17.3
2021-09-19,3.30,11.2,16.1
2021-09-20,0.10,19.1,15.5
2021-09-21,0.00,8.3,15.0
2021-09-22,0.00,17.8,14.9
2021-09-23,0.20,23.1,15.9
2021-09-24,0.00,16.4,16.7
2021-09-25,0.10,9.4,16.8
2021-09-26,0.40,20.8,16.7
2021-09-27,4.20,39.9,15.7
2021-09-28,12.00,26.9,13.5
2021-09-29,0.20,28.0,11.4
2021-09-30,2.90,36.0,12.3
2021-10-01,7.60,30.9,14.6
2021-10-02,21.90,37.1,12.1
2021-10-03,0.70,31.0,12.5
2021-10-04,1.10,25.0,12.8
2021-10-05,17.30,33.0,12.8
2021-10-06,0.00,27.0,12.0
2021-10-07,0.10,14.0,15.1
2021-10-08,0.10,11.2,15.8
2021-10-09,0.00,10.2,12.2
2021-10-10,0.20,15.2,12.8
2021-10-11,0.00,18.9,11.2
2021-10-12,0.30,18.2,11.0
2021-10-13,0.00,10.8,11.5
2021-10-14,0.20,21.1,12.4
2021-10-15,0.00,16.3,11.9
2021-10-16,1.30,13.3,11.7
2021-10-17,1.20,16.9,12.5
2021-10-18,4.80,21.9,13.2
2021-10-19,1.80,36.4,17.9
2021-10-20,34.00,33.9,15.3
2021-10-21,6.30,29.8,9.1
2021-10-22,0.00,24.8,8.2
2021-10-23,0.00,19.0,9.0
2021-10-24,0.00,22.8,12.2
2021-10-25,4.60,20.7,11.7
2021-10-26,0.00,27.7,11.9
2021-10-27,0.00,31.9,14.6
2021-10-28,0.00,26.3,13.7
2021-10-29,4.60,35.9,13.1
2021-10-30,4.40,21.2,11.3
2021-10-31,10.10,46.4,11.4
2021-11-01,0.70,27.3,9.5
2021-11-02,0.00,8.9,6.4
2021-11-03,0.40,14.8,5.7
2021-11-04,0.00,27.0,6.8
2021-11-05,0.00,11.3,5.1
2021-11-06,0.10,32.1,10.0
2021-11-07,0.00,23.5,9.7
2021-11-08,0.00,11.9,7.6
2021-11-09,0.00,20.6,12.2
2021-11-10,0.00,11.0,11.6
2021-11-11,0.10,12.5,10.9
2021-11-12,1.10,25.8,11.9
2021-11-13,0.00,19.4,11.1
2021-11-14,0.00,19.0,10.2
2021-11-15,0.00,7.8,9.8
2021-11-16,0.30,10.9,8.1
2021-11-17,0.00,12.7,7.8
2021-11-18,0.00,20.8,9.3
2021-11-19,0.00,14.9,10.9
2021-11-20,0.10,13.7,9.9
2021-11-21,0.40,25.6,6.6
2021-11-22,0.00,21.3,5.8
2021-11-23,0.00,10.5,4.2
2021-11-24,0.00,9.7,5.3
2021-11-25,0.00,16.9,3.9
2021-11-26,2.90,28.1,4.3
2021-11-27,4.20,38.1,3.2
2021-11-28,0.00,32.4,1.3
2021-11-29,0.00,17.1,0.6
2021-11-30,0.40,29.1,8.6
2021-12-01,2.10,32.5,7.8
2021-12-02,0.60,23.3,1.6
2021-12-03,2.50,20.5,5.2
2021-12-04,4.90,25.1,5.3
2021-12-05,3.70,27.5,5.2
2021-12-06,2.10,29.7,3.8
2021-12-07,8.80,36.1,4.3
2021-12-08,0.30,30.6,5.5
2021-12-09,4.30,22.9,5.1
2021-12-10,4.70,29.6,5.6
2021-12-11,3.50,20.7,4.5
2021-12-12,0.90,20.8,11.4
2021-12-13,0.00,22.2,10.4
2021-12-14,0.00,20.6,10.4
2021-12-15,0.50,17.7,10.6
2021-12-16,0.10,9.2,8.9
2021-12-17,0.00,14.8,7.4
2021-12-18,0.00,20.2,8.1
2021-12-19,0.00,11.8,6.4
2021-12-20,0.10,13.7,5.7
2021-12-21,0.00,11.1,3.8
2021-12-22,0.00,11.9,0.8
2021-12-23,0.70,22.1,6.7
2021-12-24,14.30,11.8,8.2
2021-12-25,2.60,24.6,6.9
2021-12-26,6.30,20.1,7.0
2021-12-27,6.50,23.4,8.5
2021-12-28,0.90,36.4,9.7
2021-12-29,2.90,30.7,10.2
2021-12-30,0.50,31.3,13.6
2021-12-31,0.40,29.8,13.1
2022-01-01,0.20,25.3,12.9
2022-01-02,2.00,29.5,11.1
2022-01-03,0.00,24.4,8.7
2022-01-04,2.50,21.0,4.7
2022-01-05,0.00,21.3,2.1
2022-01-06,2.20,30.9,1.4
2022-01-07,0.30,28.8,3.8
2022-01-08,7.90,27.4,5.7
2022-01-09,0.00,21.2,3.1
2022-01-10,0.60,12.6,4.7
2022-01-11,2.50,15.6,8.5
2022-01-12,0.00,9.2,3.9
2022-01-13,0.00,9.3,1.6
2022-01-14,0.00,10.7,0.4
2022-01-15,0.00,12.9,1.5
2022-01-16,0.00,11.3,3.5
2022-01-17,0.00,9.8,2.4
2022-01-18,0.00,10.7,2.2
2022-01-19,0.00,18.5,5.0
2022-01-20,0.00,16.0,1.7
2022-01-21,0.00,14.1,0.2
2022-01-22,0.00,12.5,1.9
2022-01-23,0.00,5.8,4.4
2022-01-24,0.00,8.5,3.4
2022-01-25,0.00,8.0,1.9
2022-01-26,0.00,17.3,3.5
2022-01-27,0.00,21.4,6.6
2022-01-28,0.00,20.8,4.1
2022-01-29,0.10,38.2,9.9
2022-01-30,0.00,26.4,3.8
2022-01-31,0.70,33.9,5.9
2022-02-01,0.70,33.4,9.1
2022-02-02,0.00,23.9,9.3
2022-02-03,0.00,19.5,8.1
2022-02-04,3.70,29.8,6.5
2022-02-05,0.00,35.8,5.9
2022-02-06,4.00,39.2,9.0
2022-02-07,0.00,27.7,6.3
2022-02-08,0.00,30.1,10.3
2022-02-09,3.20,22.8,9.5
2022-02-10,0.60,18.4,6.2
2022-02-11,0.00,14.7,3.3
2022-02-12,0.00,30.6,4.8
2022-02-13,10.50,36.2,7.9
2022-02-14,4.20,29.7,7.4
2022-02-15,6.60,34.5,6.4
2022-02-16,5.90,42.5,12.5
2022-02-17,0.10,38.3,8.7
2022-02-18,2.60,68.0,8.2
2022-02-19,5.20,41.4,5.4
2022-02-20,3.00,47.2,9.6
2022-02-21,0.30,42.9,7.0
2022-02-22,0.50,38.3,8.4
2022-02-23,0.10,31.4,6.4
2022-02-24,3.60,33.8,6.2
2022-02-25,0.00,26.8,5.7
2022-02-26,0.00,22.0,4.5
2022-02-27,0.00,20.4,5.1
2022-02-28,3.00,26.1,8.6
2022-03-01,9.80,21.5,8.2
2022-03-02,9.20,16.2,6.4
2022-03-03,0.10,15.7,8.4
2022-03-04,2.30,14.1,7.3
2022-03-05,1.40,33.4,5.9
2022-03-06,0.30,28.5,4.5
2022-03-07,0.00,26.0,4.2
2022-03-08,0.00,20.6,5.3
2022-03-09,0.10,27.6,9.1
2022-03-10,0.00,21.3,10.9
2022-03-11,3.20,29.4,9.9
2022-03-12,1.60,29.4,9.1
2022-03-13,1.70,23.9,8.5
2022-03-14,1.20,16.3,6.9
2022-03-15,0.00,11.3,8.4
2022-03-16,10.70,20.8,9.6
2022-03-17,0.00,20.1,7.1
2022-03-18,0.00,18.8,7.9
2022-03-19,0.00,28.4,9.1
2022-03-20,0.10,21.6,6.8
2022-03-21,0.00,12.2,7.4
2022-03-22,0.10,16.3,10.9
2022-03-23,0.00,10.6,10.6
2022-03-24,0.00,9.8,10.0
2022-03-25,0.00,16.2,8.7
2022-03-26,0.00,19.4,9.4
2022-03-27,0.00,19.5,8.2
2022-03-28,0.10,12.0,8.5
2022-03-29,0.30,18.0,9.4
2022-03-30,3.30,24.8,7.8
2022-03-31,0.70,34.7,3.8
2022-04-01,2.40,35.5,3.7
2022-04-02,0.80,15.0,3.2
2022-04-03,0.10,14.4,3.5
2022-04-04,3.40,29.9,8.9
2022-04-05,0.10,25.7,11.0
2022-04-06,2.40,35.4,10.5
2022-04-07,4.50,45.2,9.1
2022-04-08,1.60,16.9,5.9
2022-04-09,0.90,17.7,6.2
2022-04-10,0.00,16.6,7.3
2022-04-11,0.00,24.7,10.5
2022-04-12,5.00,24.5,12.8
2022-04-13,0.40,23.3,12.8
2022-04-14,0.00,9.4,12.3
2022-04-15,0.00,11.3,13.7
2022-04-16,0.00,14.9,12.1
2022-04-17,0.00,16.4,11.8
2022-04-18,0.00,12.3,10.8
2022-04-19,0.10,20.9,10.9
2022-04-20,0.00,23.2,11.3
2022-04-21,0.00,24.5,11.7
2022-04-22,0.10,32.3,11.6
2022-04-23,0.00,31.3,12.6
2022-04-24,0.00,23.9,12.6
2022-04-25,0.30,23.1,9.5
2022-04-26,0.00,18.4,10.0
2022-04-27,0.10,18.4,8.6
2022-04-28,0.10,16.9,9.4
2022-04-29,0.00,16.8,8.4
2022-04-30,0.00,13.5,10.1
2022-05-01,1.60,14.3,11.1
2022-05-02,0.40,7.6,11.8
2022-05-03,0.00,12.8,12.2
2022-05-04,4.50,16.9,12.5
2022-05-05,0.00,14.1,13.1
2022-05-06,0.00,20.2,14.7
2022-05-07,2.30,15.7,14.1
2022-05-08,0.00,15.4,12.3
2022-05-09,0.00,23.7,14.0
2022-05-10,1.50,24.7,15.6
2022-05-11,4.20,36.7,13.0
2022-05-12,0.00,22.5,12.6
2022-05-13,0.00,26.4,14.4
2022-05-14,0.00,10.9,14.3
2022-05-15,23.90,23.1,15.0
2022-05-16,2.60,29.9,16.2
2022-05-17,0.10,24.0,18.1
2022-05-18,7.20,17.8,16.7
2022-05-19,23.90,18.0,16.8
2022-05-20,4.00,27.4,13.5
2022-05-21,0.00,20.0,14.2
2022-05-22,0.00,13.8,15.5
2022-05-23,2.50,17.7,14.1
2022-05-24,4.00,18.4,12.7
2022-05-25,0.20,30.8,13.3
2022-05-26,0.00,29.6,15.5
2022-05-27,0.00,20.1,15.4
2022-05-28,0.10,18.7,12.7
2022-05-29,0.40,19.6,11.1
2022-05-30,1.50,18.9,10.9
2022-05-31,3.40,16.6,11.4
2022-06-01,0.00,12.0,12.3
2022-06-02,0.00,16.2,13.8
2022-06-03,0.20,23.4,16.2
2022-06-04,2.40,30.0,14.9
2022-06-05,5.30,19.5,13.8
2022-06-06,0.30,18.0,14.2
2022-06-07,3.50,17.3,15.5
2022-06-08,29.20,26.4,16.6
2022-06-09,0.40,21.2,15.3
2022-06-10,0.10,28.8,17.7
2022-06-11,0.50,25.0,16.5
2022-06-12,0.00,22.1,15.6
2022-06-13,0.00,11.6,15.2
2022-06-14,0.00,10.8,16.7
2022-06-15,0.00,10.8,18.6
2022-06-16,0.00,16.3,19.9
2022-06-17,0.20,25.7,23.3
2022-06-18,9.20,28.0,19.2
2022-06-19,2.00,20.6,14.5
2022-06-20,0.60,21.9,15.7
2022-06-21,0.00,10.8,16.5
2022-06-22,0.00,17.2,18.2
2022-06-23,0.50,15.1,18.1
2022-06-24,2.30,29.0,18.0
2022-06-25,0.90,25.9,16.1
2022-06-26,0.00,28.0,15.9
2022-06-27,2.00,28.8,15.4
2022-06-28,0.20,27.1,15.8
2022-06-29,0.90,21.7,16.3
2022-06-30,2.20,17.4,15.3
2022-07-01,0.70,26.0,15.3
2022-07-02,0.50,27.9,16.5
2022-07-03,0.00,17.7,16.2
2022-07-04,0.00,19.1,16.4
2022-07-05,0.00,18.9,16.5
2022-07-06,0.00,21.2,18.5
2022-07-07,0.00,18.9,19.7
2022-07-08,0.00,13.3,20.5
2022-07-09,0.00,14.9,20.4
2022-07-10,0.00,15.3,21.0
2022-07-11,0.00,15.8,23.2
2022-07-12,0.00,20.2,24.1
2022-07-13,0.40,12.5,23.1
2022-07-14,0.00,20.2,19.5
2022-07-15,0.00,19.0,19.2
2022-07-16,0.00,13.0,20.5
2022-07-17,0.00,15.1,22.7
2022-07-18,0.00,14.6,27.2
2022-07-19,0.90,22.5,29.1
2022-07-20,1.70,24.5,21.3
2022-07-21,0.60,16.6,20.4
2022-07-22,2.50,19.8,18.8
2022-07-23,0.10,24.0,19.4
2022-07-24,4.10,27.1,20.8
2022-07-25,0.00,28.1,19.9
2022-07-26,0.20,14.0,17.7
2022-07-27,0.10,17.3,17.4
2022-07-28,1.60,18.8,18.1
2022-07-29,0.00,12.2,19.8
2022-07-30,0.00,17.7,20.7
2022-07-31,0.60,29.1,21.3
2022-08-01,0.00,16.7,20.7
2022-08-02,0.20,25.6,21.1
2022-08-03,0.00,24.7,21.8
2022-08-04,0.00,17.7,20.1
2022-08-05,0.00,18.4,17.9
2022-08-06,0.00,13.2,17.4
2022-08-07,0.00,11.0,19.6
2022-08-08,0.00,19.2,20.8
2022-08-09,0.00,19.2,20.7
2022-08-10,0.00,16.6,21.5
2022-08-11,0.00,18.4,23.1
2022-08-12,0.00,19.4,24.2
2022-08-13,0.00,17.1,25.1
2022-08-14,0.00,17.5,25.2
2022-08-15,0.70,19.2,23.1
2022-08-16,3.60,18.2,19.8
2022-08-17,1.10,20.1,19.9
2022-08-18,0.60,16.4,19.9
2022-08-19,0.90,20.2,20.1
2022-08-20,0.00,22.5,18.2
2022-08-21,0.00,13.0,18.5
2022-08-22,2.70,15.9,18.0
2022-08-23,0.50,19.2,21.0
2022-08-24,0.60,17.9,22.2
2022-08-25,17.10,15.1,18.3
2022-08-26,0.00,8.3,18.0
2022-08-27,0.30,16.6,18.0
2022-08-28,0.00,18.7,17.4
2022-08-29,0.10,20.2,17.2
2022-08-30,0.00,23.3,18.2
2022-08-31,0.20,24.9,17.9
2022-09-01,0.70,23.6,18.9
2022-09-02,1.00,14.7,18.9
2022-09-03,1.40,20.0,18.8
2022-09-04,0.40,22.7,19.5
2022-09-05,4.90,21.4,19.6
2022-09-06,8.70,27.9,18.0
2022-09-07,4.40,21.8,17.2
2022-09-08,4.60,22.4,15.7
2022-09-09,1.10,18.0,16.2
2022-09-10,0.80,12.4,16.5
2022-09-11,0.00,15.5,17.1
2022-09-12,0.80,13.0,19.6
2022-09-13,2.80,16.3,17.4
2022-09-14,5.30,13.3,17.0
2022-09-15,0.80,15.4,15.0
2022-09-16,0.10,21.9,12.5
2022-09-17,0.00,18.3,11.3
2022-09-18,0.00,22.3,12.5
2022-09-19,0.30,8.6,13.3
2022-09-20,0.00,8.2,14.2
2022-09-21,0.00,8.2,15.0
2022-09-22,0.00,17.1,14.8
2022-09-23,2.60,15.3,15.1
2022-09-24,0.20,19.3,13.2
2022-09-25,0.00,16.3,12.3
2022-09-26,1.70,27.1,12.6
2022-09-27,2.40,26.1,10.9
2022-09-28,0.10,16.7,10.0
2022-09-29,0.00,10.7,10.3
2022-09-30,5.40,34.9,11.5
2022-10-01,0.20,25.6,14.9
2022-10-02,0.40,15.8,14.0
2022-10-03,0.00,14.0,12.3
2022-10-04,0.30,27.8,15.4
2022-10-05,0.90,44.4,15.7
2022-10-06,0.00,24.6,12.8
2022-10-07,0.50,31.5,14.4
2022-10-08,0.00,13.1,11.1
2022-10-09,0.00,19.6,11.4
2022-10-10,1.50,17.7,12.1
2022-10-11,0.00,11.0,9.3
2022-10-12,1.30,21.7,11.6
2022-10-13,9.30,13.8,13.4
2022-10-14,1.20,15.2,11.9
2022-10-15,0.20,30.0,12.3
2022-10-16,8.90,24.4,13.7
2022-10-17,3.40,20.7,15.2
2022-10-18,0.00,15.8,11.3
2022-10-19,2.30,30.5,14.0
2022-10-20,10.00,15.4,13.9
2022-10-21,5.90,29.0,14.7
2022-10-22,0.20,24.0,14.7
2022-10-23,12.50,27.5,15.4
2022-10-24,1.70,30.4,13.6
2022-10-25,0.20,19.5,13.6
2022-10-26,0.60,31.4,15.9
2022-10-27,4.00,26.9,16.3
2022-10-28,0.10,28.8,15.4
2022-10-29,3.00,17.3,16.3
2022-10-30,1.30,24.3,14.3
2022-10-31,6.60,24.9,14.1
2022-11-01,4.20,44.0,12.6
2022-11-02,2.50,36.1,12.0
2022-11-03,28.10,26.4,10.5
2022-11-04,3.10,17.8,8.5
2022-11-05,2.90,25.5,9.6
2022-11-06,20.40,24.6,12.7
2022-11-07,1.40,33.1,12.8
2022-11-08,4.70,34.9,13.0
2022-11-09,0.00,28.6,11.3
2022-11-10,0.00,32.7,12.8
2022-11-11,0.00,28.4,13.7
2022-11-12,0.00,12.1,11.7
2022-11-13,0.00,12.8,10.7
2022-11-14,0.30,20.2,10.9
2022-11-15,8.90,31.1,11.1
2022-11-16,19.40,29.5,9.7
2022-11-17,6.90,33.5,9.6
2022-11-18,2.20,23.6,8.4
2022-11-19,0.30,17.6,6.7
2022-11-20,6.10,22.7,7.2
2022-11-21,7.90,38.3,5.8
2022-11-22,0.10,25.6,5.8
2022-11-23,5.80,35.1,8.2
2022-11-24,2.90,31.9,9.0
2022-11-25,0.00,21.4,8.3
2022-11-26,0.90,28.4,9.7
2022-11-27,10.80,30.3,11.3
2022-11-28,1.50,10.4,7.4
2022-11-29,0.00,9.7,6.6
2022-11-30,0.10,8.4,6.5
2022-12-01,0.00,10.5,4.8
2022-12-02,0.30,20.1,5.0
2022-12-03,0.00,24.1,6.0
2022-12-04,1.60,21.1,5.0
2022-12-05,0.00,17.8,6.4
2022-12-06,0.00,13.8,4.6
2022-12-07,0.00,11.7,1.0
2022-12-08,0.00,11.5,-1.9
2022-12-09,0.00,11.3,-2.4
2022-12-10,0.00,11.5,-2.0
2022-12-11,0.70,11.4,-2.5
2022-12-12,0.20,12.4,-0.1
2022-12-13,0.00,10.9,-1.7
2022-12-14,0.00,15.7,-1.3
2022-12-15,0.00,10.9,-3.0
2022-12-16,0.00,12.3,-2.8
2022-12-17,0.00,16.2,-0.8
2022-12-18,9.90,30.6,1.6
2022-12-19,4.90,37.3,11.7
2022-12-20,3.50,33.0,9.4
2022-12-21,0.90,20.7,7.0
2022-12-22,0.80,18.1,8.0
2022-12-23,7.80,25.4,9.4
2022-12-24,0.00,21.4,8.4
2022-12-25,0.10,20.7,9.8
2022-12-26,0.00,25.9,6.2
2022-12-27,3.80,34.7,6.0
2022-12-28,4.00,37.6,10.5
2022-12-29,0.30,33.4,7.9
2022-12-30,5.90,35.7,9.4
2022-12-31,10.60,35.8,12.1
2023-01-01,3.90,34.1,10.4
2023-01-02,0.60,15.5,5.8
2023-01-03,3.20,37.4,7.8
2023-01-04,0.90,35.9,11.9
2023-01-05,0.10,28.9,10.4
2023-01-06,1.20,32.3,9.5
2023-01-07,5.00,36.7,10.3
2023-01-08,1.40,28.8,7.3
2023-01-09,0.70,26.0,5.7
2023-01-10,6.40,36.7,8.2
2023-01-11,2.60,34.5,8.7
2023-01-12,5.70,40.7,10.4
2023-01-13,0.00,33.9,7.4
2023-01-14,11.40,40.4,8.9
2023-01-15,0.00,29.6,4.8
2023-01-16,13.40,27.9,2.4
2023-01-17,0.00,9.7,-2.3
2023-01-18,0.00,17.2,-0.5
2023-01-19,0.00,10.8,-0.4
2023-01-20,0.00,17.7,1.6
2023-01-21,0.00,11.2,1.2
2023-01-22,0.00,5.4,-1.8
2023-01-23,0.00,6.6,-1.2
2023-01-24,0.00,9.6,1.8
2023-01-25,1.70,18.9,0.6
2023-01-26,0.30,23.7,4.7
2023-01-27,0.00,21.5,4.0
2023-01-28,0.00,11.2,2.1
2023-01-29,0.00,25.3,4.3
2023-01-30,0.00,23.5,6.0
2023-01-31,0.10,25.6,6.2
2023-02-01,0.00,31.1,6.3
2023-02-02,0.20,27.0,7.7
2023-02-03,0.00,22.7,9.4
2023-02-04,0.50,13.3,7.4
2023-02-05,0.00,16.9,5.0
2023-02-06,0.00,11.8,2.2
2023-02-07,0.00,10.6,1.3
2023-02-08,0.00,12.0,0.5
2023-02-09,0.00,11.7,2.3
2023-02-10,0.00,16.9,2.2
2023-02-11,0.00,12.7,7.9
2023-02-12,0.00,12.0,7.2
2023-02-13,0.00,12.6,5.8
2023-02-14,0.00,13.8,5.1
2023-02-15,0.00,19.3,6.5
2023-02-16,3.90,24.3,9.6
2023-02-17,0.10,36.2,11.6
2023-02-18,0.70,27.3,11.1
2023-02-19,0.00,18.5,8.7
2023-02-20,0.00,27.6,9.2
2023-02-21,0.00,13.2,8.2
2023-02-22,4.10,12.6,5.9
2023-02-23,1.70,23.9,5.9
2023-02-24,0.00,15.2,3.9
2023-02-25,0.00,27.0,4.2
2023-02-26,0.00,27.6,4.1
2023-02-27,0.00,20.9,3.8
2023-02-28,0.70,27.3,4.5
2023-03-01,0.60,19.2,5.3
2023-03-02,0.00,24.5,4.0
2023-03-03,0.40,19.6,3.8
2023-03-04,0.00,15.5,5.0
2023-03-05,0.30,13.5,3.2
2023-03-06,1.60,22.5,3.7
2023-03-07,4.10,12.9,3.0
2023-03-08,13.00,23.3,1.2
2023-03-09,6.00,21.0,6.1
2023-03-10,4.60,33.2,4.3
2023-03-11,1.10,16.7,2.4
2023-03-12,1.20,31.0,9.8
2023-03-13,0.90,50.4,11.7
2023-03-14,5.70,26.7,6.4
2023-03-15,1.70,22.0,4.5
2023-03-16,2.40,28.1,10.3
2023-03-17,1.90,19.5,10.8
2023-03-18,4.00,14.0,10.1
2023-03-19,1.70,19.7,8.2
2023-03-20,3.20,25.6,9.7
2023-03-21,1.50,31.1,10.7
2023-03-22,2.20,35.0,11.3
2023-03-23,8.90,36.2,10.8
2023-03-24,1.70,35.4,9.7
2023-03-25,0.50,38.5,10.0
2023-03-26,8.10,22.2,7.5
2023-03-27,0.00,9.8,5.3
2023-03-28,1.90,25.8,7.0
2023-03-29,3.30,29.6,11.4
2023-03-30,2.90,31.8,12.1
2023-03-31,13.20,33.7,10.8
2023-04-01,1.20,21.2,9.6
2023-04-02,0.00,23.0,7.9
2023-04-03,0.00,18.5,5.5
2023-04-04,0.00,13.3,5.7
2023-04-05,1.00,12.5,6.5
2023-04-06,4.90,22.8,9.4
2023-04-07,0.20,10.3,8.1
2023-04-08,0.00,11.0,7.8
2023-04-09,0.00,14.0,9.3
2023-04-10,9.10,33.0,10.9
2023-04-11,7.40,39.4,8.7
2023-04-12,3.30,46.0,7.6
2023-04-13,1.00,27.0,8.3
2023-04-14,8.10,21.3,7.2
2023-04-15,2.30,18.0,9.6
2023-04-16,0.00,10.5,9.8
2023-04-17,0.50,18.4,10.6
2023-04-18,0.20,32.2,8.8
2023-04-19,0.00,29.7,10.2
2023-04-20,2.30,29.4,8.8
2023-04-21,3.30,16.3,7.3
2023-04-22,1.50,17.7,8.0
2023-04-23,3.90,22.0,10.4
2023-04-24,13.80,20.4,8.1
2023-04-25,0.00,12.9,6.4
2023-04-26,0.00,15.1,7.9
2023-04-27,6.60,21.8,9.3
2023-04-28,0.80,22.5,13.2
2023-04-29,0.00,13.4,10.9
2023-04-30,0.00,15.9,11.3
2023-05-01,1.00,16.0,11.9
2023-05-02,0.00,18.8,10.4
2023-05-03,0.00,24.1,9.3
2023-05-04,0.90,24.8,13.0
2023-05-05,0.70,19.9,13.7
2023-05-06,5.60,23.3,12.5
2023-05-07,0.70,10.7,15.0
2023-05-08,2.60,23.4,12.6
2023-05-09,10.10,18.6,13.9
2023-05-10,6.20,22.0,12.7
2023-05-11,3.70,9.4,12.3
2023-05-12,1.90,32.0,11.0
2023-05-13,0.00,20.7,11.7
2023-05-14,0.70,11.5,12.5
2023-05-15,0.50,23.7,12.1
2023-05-16,0.20,21.9,11.1
2023-05-17,0.40,11.1,12.0
2023-05-18,0.20,14.1,12.9
2023-05-19,1.10,15.9,12.0
2023-05-20,0.10,22.9,12.9
2023-05-21,0.00,25.0,13.0
2023-05-22,0.00,24.2,14.1
2023-05-23,0.00,16.7,12.9
2023-05-24,0.00,14.9,14.4
2023-05-25,0.00,16.6,13.4
2023-05-26,0.00,20.9,12.5
2023-05-27,0.00,18.2,13.0
2023-05-28,0.00,25.3,14.0
2023-05-29,0.00,26.6,12.4
2023-05-30,0.00,27.1,12.7
2023-05-31,0.00,23.9,13.9
2023-06-01,0.00,23.0,13.4
2023-06-02,0.00,22.7,13.2
2023-06-03,0.00,21.9,14.6
2023-06-04,0.00,18.5,14.9
2023-06-05,0.00,20.4,13.1
2023-06-06,0.10,21.9,13.2
2023-06-07,0.00,19.7,14.3
2023-06-08,0.00,21.9,14.8
2023-06-09,0.00,22.9,17.6
2023-06-10,0.00,19.5,21.4
2023-06-11,0.00,11.5,22.3
2023-06-12,5.70,13.3,21.4
2023-06-13,0.00,24.4,19.9
2023-06-14,0.00,18.8,19.0
2023-06-15,0.00,17.3,19.2
2023-06-16,0.00,17.4,19.2
2023-06-17,2.10,13.8,18.5
2023-06-18,16.90,18.9,19.0
2023-06-19,0.90,21.6,18.6
2023-06-20,5.90,24.3,19.0
2023-06-21,1.00,16.5,19.3
2023-06-22,0.00,15.8,20.2
2023-06-23,0.00,17.9,20.5
2023-06-24,0.20,14.4,21.2
2023-06-25,0.10,27.8,22.4
2023-06-26,0.00,23.5,18.4
2023-06-27,0.00,20.5,18.5
2023-06-28,0.10,15.5,20.2
2023-06-29,5.90,15.7,18.6
2023-06-30,0.60,33.2,16.3
2023-07-01,0.20,24.4,19.1
2023-07-02,0.00,27.7,16.5
2023-07-03,0.70,33.5,15.7
2023-07-04,13.10,19.9,15.1
2023-07-05,6.10,23.8,15.4
2023-07-06,0.00,20.3,16.2
2023-07-07,0.00,17.9,20.2
2023-07-08,12.60,20.9,21.5
2023-07-09,4.90,22.1,18.7
2023-07-10,0.00,29.6,18.7
2023-07-11,3.20,27.5,19.2
2023-07-12,1.80,26.1,17.5
2023-07-13,0.50,22.1,17.5
2023-07-14,7.80,31.5,16.8
2023-07-15,1.40,43.9,17.0
2023-07-16,0.00,31.8,17.0
2023-07-17,0.60,22.5,16.8
2023-07-18,0.10,18.4,17.1
2023-07-19,0.40,20.0,17.9
2023-07-20,0.10,14.2,17.3
2023-07-21,0.10,17.7,16.4
2023-07-22,9.00,30.3,15.4
2023-07-23,2.60,31.4,18.8
2023-07-24,2.30,19.6,15.7
2023-07-25,0.70,17.6,15.6
2023-07-26,7.70,21.4,15.7
2023-07-27,7.40,27.4,19.0
2023-07-28,0.20,20.9,18.6
2023-07-29,0.70,26.1,18.3
2023-07-30,3.20,30.4,16.9
2023-07-31,2.60,27.9,18.0
2023-08-01,0.00,24.9,17.5
2023-08-02,18.80,32.3,17.2
2023-08-03,0.10,18.9,16.9
2023-08-04,0.40,16.9,16.5
2023-08-05,18.20,29.9,15.2
2023-08-06,0.90,24.5,14.8
2023-08-07,0.00,18.4,15.5
2023-08-08,2.40,23.2,14.8
2023-08-09,0.00,11.1,17.5
2023-08-10,0.00,16.6,19.5
2023-08-11,0.60,22.5,20.1
2023-08-12,0.50,32.6,17.7
2023-08-13,0.30,25.8,18.0
2023-08-14,3.80,31.5,18.2
2023-08-15,0.20,17.3,17.9
2023-08-16,0.20,16.2,18.3
2023-08-17,0.10,23.4,18.5
2023-08-18,4.20,22.3,19.7
2023-08-19,0.20,27.8,20.2
2023-08-20,0.40,19.1,18.9
2023-08-21,0.00,20.7,18.3
2023-08-22,0.00,18.6,19.2
2023-08-23,0.00,7.6,19.2
2023-08-24,1.30,14.0,20.0
2023-08-25,0.10,18.5,16.8
2023-08-26,1.20,17.2,15.2
2023-08-27,0.20,20.3,15.1
2023-08-28,0.20,15.5,15.6
2023-08-29,0.00,17.4,15.5
2023-08-30,0.30,21.0,15.7
2023-08-31,1.30,14.6,14.1
2023-09-01,1.40,6.4,17.6
2023-09-02,0.40,15.6,18.5
2023-09-03,0.00,12.4,18.5
2023-09-04,0.00,18.9,20.0
2023-09-05,0.00,16.9,20.7
2023-09-06,0.00,10.5,21.9
2023-09-07,0.00,13.7,22.8
2023-09-08,0.00,8.6,23.3
2023-09-09,0.00,7.6,24.2
2023-09-10,1.60,20.9,23.1
2023-09-11,0.00,18.6,20.8
2023-09-12,2.90,17.1,18.9
2023-09-13,0.10,19.5,16.2
2023-09-14,0.00,12.8,17.1
2023-09-15,0.00,13.5,17.4
2023-09-16,0.00,17.1,18.7
2023-09-17,4.80,26.3,18.2
2023-09-18,7.30,32.3,17.0
2023-09-19,0.40,45.6,16.6
2023-09-20,27.30,48.5,17.9
2023-09-21,5.50,17.1,14.0
2023-09-22,1.50,19.1,12.5
2023-09-23,0.00,16.1,12.7
2023-09-24,0.00,30.6,16.8
2023-09-25,0.20,25.2,18.0
2023-09-26,1.80,25.7,17.2
2023-09-27,0.00,28.7,17.3
2023-09-28,0.10,26.5,16.6
2023-09-29,2.40,23.1,17.0
2023-09-30,0.00,19.0,14.6
2023-10-01,0.00,22.4,18.1
2023-10-02,4.10,19.0,17.6
2023-10-03,0.30,25.9,14.9
2023-10-04,0.00,25.1,13.8
2023-10-05,0.20,22.1,14.7
2023-10-06,0.00,24.6,16.5
2023-10-07,0.00,21.9,17.6
2023-10-08,0.00,12.2,16.8
2023-10-09,0.00,11.0,16.7
2023-10-10,0.00,20.6,16.5
2023-10-11,0.40,25.3,17.2
2023-10-12,15.70,16.9,15.0
2023-10-13,14.20,38.3,17.1
2023-10-14,0.30,20.7,9.8
2023-10-15,0.00,14.2,6.9
2023-10-16,0.00,19.1,7.6
2023-10-17,0.00,27.8,11.6
2023-10-18,7.20,32.2,12.8
2023-10-19,6.00,33.2,15.7
2023-10-20,11.30,17.9,14.2
2023-10-21,3.40,21.8,12.8
2023-10-22,0.00,12.7,10.0
2023-10-23,0.80,16.3,10.9
2023-10-24,3.20,17.4,10.2
2023-10-25,0.80,16.2,10.2
2023-10-26,2.60,18.2,11.2
2023-10-27,1.00,17.8,10.0
2023-10-28,10.40,26.1,11.7
2023-10-29,6.70,24.7,10.8
2023-10-30,0.80,20.0,10.9
2023-10-31,2.40,15.2,9.8
2023-11-01,7.30,30.6,12.0
2023-11-02,21.30,42.8,10.3
2023-11-03,6.30,29.4,9.4
2023-11-04,5.50,26.5,8.6
2023-11-05,0.10,29.6,8.9
2023-11-06,0.00,25.6,8.9
2023-11-07,0.10,26.0,7.8
2023-11-08,3.30,35.8,9.4
2023-11-09,0.10,23.5,8.0
2023-11-10,1.70,20.3,6.5
2023-11-11,0.00,14.5,5.3
2023-11-12,2.00,12.4,6.8
2023-11-13,12.50,37.6,12.1
2023-11-14,6.10,28.5,10.4
2023-11-15,0.00,27.4,8.6
2023-11-16,3.00,13.8,5.7
2023-11-17,1.20,14.6,6.1
2023-11-18,5.50,26.1,12.1
2023-11-19,0.00,30.4,11.9
2023-11-20,3.00,24.2,9.9
2023-11-21,0.70,21.9,9.4
2023-11-22,0.00,15.7,6.8
2023-11-23,0.10,25.4,10.4
2023-11-24,0.20,25.3,6.9
2023-11-25,0.00,13.4,1.6
2023-11-26,3.80,18.0,3.4
2023-11-27,6.20,22.4,7.8
2023-11-28,0.00,21.4,3.8
2023-11-29,0.00,10.0,1.3
2023-11-30,0.00,19.1,0.1
2023-12-01,0.00,17.4,-0.1
2023-12-02,0.00,9.0,-2.5
2023-12-03,5.90,17.8,4.3
2023-12-04,8.90,25.4,6.4
2023-12-05,2.50,18.8,5.3
2023-12-06,0.00,12.3,2.4
2023-12-07,5.70,28.0,6.3
2023-12-08,0.00,21.4,7.9
2023-12-09,7.90,33.6,9.6
2023-12-10,2.10,33.2,9.2
2023-12-11,0.00,38.0,8.4
2023-12-12,7.30,21.3,9.2
2023-12-13,0.50,31.3,7.1
2023-12-14,0.90,20.3,4.6
2023-12-15,0.00,12.9,5.0
2023-12-16,0.00,21.2,8.6
2023-12-17,0.00,30.6,9.0
2023-12-18,0.00,25.0,9.8
2023-12-19,12.70,26.1,10.1
2023-12-20,0.00,27.3,7.6
2023-12-21,0.30,35.3,11.1
2023-12-22,0.30,33.6,9.9
2023-12-23,0.00,29.0,9.4
2023-12-24,1.20,33.8,12.4
2023-12-25,3.20,29.5,12.3
2023-12-26,0.00,24.6,7.2
2023-12-27,6.50,40.2,10.0
2023-12-28,0.40,40.5,10.6
2023-12-29,1.50,28.5,8.6
2023-12-30,3.00,37.0,8.9
2023-12-31,8.20,40.7,8.4
2024-01-01,8.30,30.6,7.7
2024-01-02,9.60,52.3,11.1
2024-01-03,2.30,25.9,8.4
2024-01-04,27.70,27.4,6.8
2024-01-05,4.60,33.7,5.7
2024-01-06,0.20,16.6,4.8
2024-01-07,0.00,22.2,3.1
2024-01-08,0.70,27.6,2.0
2024-01-09,0.00,31.4,1.6
2024-01-10,0.00,22.5,1.9
2024-01-11,0.00,24.0,2.4
2024-01-12,0.00,18.1,5.1
2024-01-13,0.00,10.7,3.3
2024-01-14,1.60,17.1,3.6
2024-01-15,0.00,18.8,-0.6
2024-01-16,0.00,11.8,-1.7
2024-01-17,0.00,19.9,0.2
2024-01-18,0.00,15.3,-2.3
2024-01-19,0.00,13.7,-0.8
2024-01-20,0.00,26.9,2.4
2024-01-21,1.30,49.0,8.9
2024-01-22,6.00,50.1,9.5
2024-01-23,2.90,37.4,8.7
2024-01-24,0.10,36.1,9.7
2024-01-25,0.10,27.1,8.9
2024-01-26,1.60,33.2,8.0
2024-01-27,0.00,18.7,3.7
2024-01-28,0.00,13.7,5.7
2024-01-29,0.00,23.7,10.6
2024-01-30,0.00,27.9,8.6
2024-01-31,0.40,29.0,7.3
2024-02-01,0.20,21.1,6.2
2024-02-02,0.00,31.8,9.1
2024-02-03,0.70,27.1,11.3
2024-02-04,0.10,35.4,11.5
2024-02-05,0.00,37.2,9.5
2024-02-06,5.80,38.7,11.7
2024-02-07,12.30,30.3,6.1
2024-02-08,16.10,25.3,7.2
2024-02-09,7.00,32.8,10.5
2024-02-10,3.30,13.9,9.3
2024-02-11,7.30,19.5,7.2
2024-02-12,0.00,16.3,4.8
2024-02-13,2.60,27.6,7.7
2024-02-14,2.20,26.8,12.1
2024-02-15,1.10,20.7,13.0
2024-02-16,2.00,23.8,10.6
2024-02-17,0.70,27.2,9.8
2024-02-18,13.20,27.2,11.5
2024-02-19,2.20,21.5,9.0
2024-02-20,0.10,30.0,8.5
2024-02-21,3.50,36.1,9.9
2024-02-22,11.50,33.4,8.2
2024-02-23,2.00,23.5,4.8
2024-02-24,1.60,8.7,2.9
2024-02-25,2.90,33.0,4.4
2024-02-26,1.40,43.7,6.2
2024-02-27,0.50,15.0,4.6
2024-02-28,1.30,25.1,8.4
2024-02-29,8.30,26.1,9.3
2024-03-01,6.60,34.9,5.2
2024-03-02,2.20,27.0,5.1
2024-03-03,0.00,12.0,3.8
2024-03-04,1.00,23.3,5.1
2024-03-05,1.90,21.8,7.1
2024-03-06,0.00,9.7,5.5
2024-03-07,0.30,25.6,6.6
2024-03-08,0.00,28.0,6.5
2024-03-09,0.40,24.5,8.9
2024-03-10,8.50,17.9,8.0
2024-03-11,2.00,19.8,8.0
2024-03-12,13.30,22.0,9.9
2024-03-13,0.50,31.4,11.4
2024-03-14,1.20,28.1,11.5
2024-03-15,1.30,31.8,11.8
2024-03-16,1.30,18.5,9.2
2024-03-17,6.40,20.5,11.4
2024-03-18,0.20,21.9,10.7
2024-03-19,0.20,23.2,11.1
2024-03-20,0.80,12.8,12.0
2024-03-21,0.00,22.1,10.6
2024-03-22,0.40,19.7,9.7
2024-03-23,1.70,32.0,6.2
2024-03-24,0.00,32.3,7.9
2024-03-25,0.90,22.3,7.6
2024-03-26,10.90,25.3,9.3
2024-03-27,3.90,35.0,7.3
2024-03-28,10.20,44.7,7.9
2024-03-29,5.00,31.6,9.4
2024-03-30,0.00,14.2,8.7
2024-03-31,0.30,25.3,8.5
2024-04-01,6.00,21.8,9.6
2024-04-02,4.30,27.1,10.2
2024-04-03,0.70,35.3,11.4
2024-04-04,3.50,32.8,12.0
2024-04-05,5.50,37.7,13.6
2024-04-06,0.10,36.1,16.0
2024-04-07,0.00,44.7,12.7
2024-04-08,1.70,22.0,12.1
2024-04-09,0.50,40.3,9.4
2024-04-10,1.70,32.2,9.2
2024-04-11,0.40,24.2,14.5
2024-04-12,0.00,26.2,14.0
2024-04-13,0.00,23.8,14.2
2024-04-14,0.00,19.7,10.6
2024-04-15,4.60,38.4,8.5
2024-04-16,4.60,32.1,8.9
2024-04-17,0.50,23.2,7.3
2024-04-18,0.90,21.0,8.3
2024-04-19,1.20,28.8,10.0
2024-04-20,0.20,24.2,6.9
2024-04-21,0.00,26.9,7.4
2024-04-22,1.00,12.2,6.1
2024-04-23,1.50,21.7,7.7
2024-04-24,0.00,21.1,6.8
2024-04-25,4.20,18.0,7.1
2024-04-26,0.00,13.1,7.3
2024-04-27,7.50,22.8,8.9
2024-04-28,14.00,27.1,8.3
2024-04-29,0.30,27.7,10.3
2024-04-30,0.40,25.2,12.5
2024-05-01,0.10,12.8,13.8
2024-05-02,2.50,22.4,13.8
2024-05-03,9.00,24.7,10.6
2024-05-04,2.70,13.1,11.4
2024-05-05,0.30,17.8,11.5
2024-05-06,9.70,15.8,11.6
2024-05-07,0.50,15.0,13.7
2024-05-08,0.00,9.9,13.2
2024-05-09,0.00,11.4,15.2
2024-05-10,0.00,17.4,15.4
2024-05-11,0.00,20.9,15.1
2024-05-12,0.00,19.5,17.6
2024-05-13,0.30,27.1,15.1
2024-05-14,6.60,21.0,14.7
2024-05-15,0.60,14.7,15.0
2024-05-16,2.10,10.0,13.7
2024-05-17,0.20,7.9,15.1
2024-05-18,1.60,13.8,15.3
2024-05-19,0.20,19.3,15.3
2024-05-20,0.10,16.2,14.4
2024-05-21,8.40,12.9,13.1
2024-05-22,14.30,22.4,13.6
2024-05-23,0.00,22.7,14.1
2024-05-24,0.00,12.9,13.0
2024-05-25,0.10,15.4,14.6
2024-05-26,5.40,27.9,15.0
2024-05-27,0.80,19.9,12.9
2024-05-28,4.00,32.0,14.0
2024-05-29,0.50,24.0,15.5
2024-05-30,3.40,22.9,13.8
2024-05-31,1.10,37.8,13.3
2024-06-01,0.00,27.8,13.2
2024-06-02,0.00,14.9,15.2
2024-06-03,0.30,12.6,16.1
2024-06-04,3.70,23.4,15.7
2024-06-05,0.00,20.9,12.2
2024-06-06,0.10,15.3,13.0
2024-06-07,0.10,20.9,13.7
2024-06-08,0.60,19.8,14.0
2024-06-09,0.00,22.3,12.6
2024-06-10,8.00,29.5,12.0
2024-06-11,2.00,14.1,11.1
2024-06-12,1.00,12.1,12.1
2024-06-13,1.60,26.2,12.3
2024-06-14,2.40,28.7,14.9
2024-06-15,2.60,34.8,13.4
2024-06-16,0.10,23.3,15.0
2024-06-17,0.00,17.1,15.8
2024-06-18,0.30,15.5,16.4
2024-06-19,0.00,22.9,15.2
2024-06-20,0.00,13.1,15.4
2024-06-21,0.10,25.5,17.0
2024-06-22,1.60,17.3,17.4
2024-06-23,0.00,10.8,17.8
2024-06-24,0.00,14.3,20.5
2024-06-25,0.00,18.1,20.8
2024-06-26,0.00,18.4,21.6
2024-06-27,0.00,26.0,19.6
2024-06-28,0.00,25.9,16.8
2024-06-29,0.00,7.6,17.5
2024-06-30,0.30,17.7,17.1
2024-07-01,0.10,20.5,16.5
2024-07-02,0.10,20.0,15.4
2024-07-03,1.60,21.6,15.3
2024-07-04,0.40,30.8,15.9
2024-07-05,22.00,28.7,16.2
2024-07-06,10.30,29.7,14.7
2024-07-07,12.30,24.7,13.5
2024-07-08,4.60,16.2,14.6
2024-07-09,18.30,20.4,17.0
2024-07-10,0.20,28.0,17.7
2024-07-11,0.30,18.9,16.9
2024-07-12,0.00,19.2,14.9
2024-07-13,0.60,14.3,14.7
2024-07-14,0.10,16.0,16.0
2024-07-15,7.00,18.9,16.3
2024-07-16,1.40,19.5,17.4
2024-07-17,0.00,14.3,17.6
2024-07-18,0.00,17.6,19.3
2024-07-19,0.00,14.8,22.3
2024-07-20,0.10,19.8,19.9
2024-07-21,0.00,15.5,19.1
2024-07-22,0.40,30.6,18.4
2024-07-23,2.10,20.2,19.3
2024-07-24,0.50,21.4,18.7
2024-07-25,2.30,26.5,17.9
2024-07-26,0.00,18.2,17.9
2024-07-27,0.00,14.7,17.5
2024-07-28,0.00,14.9,18.4
2024-07-29,0.00,16.0,20.4
2024-07-30,0.00,16.2,22.2
2024-07-31,0.30,21.3,21.4
2024-08-01,7.70,13.1,21.5
2024-08-02,1.50,19.5,21.1
2024-08-03,0.80,21.2,20.2
2024-08-04,0.00,17.2,17.3
2024-08-05,0.00,20.7,19.1
2024-08-06,2.20,22.4,18.9
2024-08-07,0.00,24.0,17.1
2024-08-08,0.10,33.8,17.6
2024-08-09,0.00,26.5,20.4
2024-08-10,0.00,24.8,19.0
2024-08-11,0.00,21.4,20.9
2024-08-12,0.00,20.0,24.3
2024-08-13,0.00,19.4,19.7
2024-08-14,0.60,11.3,19.9
2024-08-15,0.10,33.9,18.7
2024-08-16,1.20,20.5,19.5
2024-08-17,0.00,12.1,17.2
2024-08-18,0.00,17.3,18.3
2024-08-19,1.70,30.5,16.9
2024-08-20,0.30,25.1,19.0
2024-08-21,0.10,24.8,16.1
2024-08-22,0.70,40.2,17.6
2024-08-23,0.90,37.4,18.8
2024-08-24,11.40,19.8,15.6
2024-08-25,0.00,30.9,15.0
2024-08-26,0.00,22.3,17.6
2024-08-27,0.00,22.2,18.5
2024-08-28,0.00,17.8,20.0
2024-08-29,0.00,18.4,17.1
2024-08-30,0.00,18.3,16.3
2024-08-31,0.00,29.4,17.0
2024-09-01,0.00,22.0,20.6
2024-09-02,1.40,22.6,19.6
2024-09-03,2.90,16.1,18.3
2024-09-04,0.50,13.2,16.3
2024-09-05,9.30,34.2,17.2
2024-09-06,9.40,19.2,18.2
2024-09-07,6.20,11.0,16.5
2024-09-08,8.80,13.7,16.1
2024-09-09,0.00,26.3,15.2
2024-09-10,2.20,32.2,14.2
2024-09-11,3.90,30.1,11.2
2024-09-12,2.60,17.1,9.8
2024-09-13,0.00,10.8,10.7
2024-09-14,0.00,15.8,11.7
2024-09-15,1.50,17.8,13.5
2024-09-16,0.00,15.7,15.1
2024-09-17,0.00,22.4,14.7
2024-09-18,0.00,26.2,17.5
2024-09-19,0.10,26.1,18.4
2024-09-20,4.30,24.1,17.4
2024-09-21,0.40,15.5,18.3
2024-09-22,18.80,17.0,17.3
2024-09-23,48.70,23.7,15.7
2024-09-24,5.50,18.0,14.6
2024-09-25,10.00,21.9,13.6
2024-09-26,13.10,29.9,13.8
2024-09-27,2.90,29.3,10.7
2024-09-28,0.00,15.8,9.2
2024-09-29,5.10,27.6,10.9
2024-09-30,11.70,32.4,13.9
2024-10-01,12.70,27.5,12.4
2024-10-02,1.00,26.8,13.8
2024-10-03,0.00,18.3,11.5
2024-10-04,0.00,11.1,10.3
2024-10-05,0.00,18.6,11.6
2024-10-06,4.00,23.7,13.7
2024-10-07,10.20,20.7,14.1
2024-10-08,4.30,27.0,14.1
2024-10-09,2.10,22.1,13.8
2024-10-10,3.40,21.5,9.6
2024-10-11,0.00,12.1,7.0
2024-10-12,3.40,21.9,10.6
2024-10-13,0.00,21.6,7.9
2024-10-14,14.10,24.6,10.2
2024-10-15,0.20,19.7,13.1
2024-10-16,6.20,24.6,17.2
2024-10-17,2.70,17.2,14.8
2024-10-18,0.60,18.5,11.3
2024-10-19,7.30,21.1,13.7
2024-10-20,3.60,36.7,13.9
2024-10-21,1.70,23.7,12.5
2024-10-22,0.20,23.3,11.2
2024-10-23,0.20,15.5,11.4
2024-10-24,0.00,17.5,12.5
2024-10-25,4.20,15.9,13.9
2024-10-26,0.00,11.3,11.6
2024-10-27,0.00,15.3,10.1
2024-10-28,0.50,24.8,13.4
2024-10-29,0.60,11.5,14.0
2024-10-30,0.00,9.2,10.7
2024-10-31,0.00,8.0,9.6
2024-11-01,0.00,12.6,10.1
2024-11-02,0.10,13.4,12.2
2024-11-03,0.00,14.2,12.0
2024-11-04,0.00,11.0,10.9
2024-11-05,0.00,8.5,10.8
2024-11-06,0.00,6.8,10.8
2024-11-07,0.00,13.5,10.9
2024-11-08,0.20,14.1,8.8
2024-11-09,0.00,5.5,7.9
2024-11-10,0.00,11.2,8.4
2024-11-11,0.00,14.7,9.0
2024-11-12,0.00,28.9,8.7
2024-11-13,0.00,11.9,8.7
2024-11-14,0.50,11.3,9.4
2024-11-15,0.00,7.8,8.2
2024-11-16,0.60,11.4,7.4
2024-11-17,0.50,14.3,8.2
2024-11-18,9.20,13.1,7.1
2024-11-19,11.10,20.4,4.5
2024-11-20,0.00,16.5,1.5
2024-11-21,0.00,12.7,0.5
2024-11-22,1.50,18.7,3.0
2024-11-23,9.70,32.2,8.2
2024-11-24,9.00,32.8,16.0
2024-11-25,1.70,17.8,10.2
2024-11-26,0.10,12.0,6.9
2024-11-27,18.50,18.9,6.0
2024-11-28,0.00,8.4,2.4
2024-11-29,0.00,11.6,6.1
2024-11-30,0.00,12.0,11.3
2024-12-01,2.20,16.9,11.7
2024-12-02,0.40,17.5,9.1
2024-12-03,0.00,9.4,5.8
2024-12-04,0.70,18.3,6.0
2024-12-05,8.50,29.3,11.8
2024-12-06,0.30,26.7,8.0
2024-12-07,6.20,30.7,8.2
2024-12-08,8.10,28.5,7.1
2024-12-09,0.10,22.0,7.4
2024-12-10,0.10,18.8,6.8
2024-12-11,0.10,15.0,6.2
2024-12-12,0.20,9.3,6.4
2024-12-13,0.10,6.8,5.2
2024-12-14,0.30,12.1,5.3
2024-12-15,0.00,17.6,8.8
2024-12-16,0.20,17.8,10.2
2024-12-17,0.00,17.1,8.3
2024-12-18,3.80,28.8,12.6
2024-12-19,3.00,27.8,6.9
2024-12-20,0.70,15.6,5.4
2024-12-21,2.30,23.3,8.1
2024-12-22,1.80,24.6,5.7
2024-12-23,1.70,21.0,5.2
2024-12-24,0.00,12.1,9.3
2024-12-25,0.00,9.9,9.3
2024-12-26,0.00,4.4,7.4
2024-12-27,0.00,3.5,6.5
2024-12-28,0.00,8.3,5.4
2024-12-29,0.00,11.4,5.7
2024-12-30,0.00,16.4,7.3
2024-12-31,0.00,24.7,9.4
2025-01-01,10.50,30.6,9.0
2025-01-02,0.00,9.2,2.1
2025-01-03,0.00,10.6,0.3
2025-01-04,1.80,15.5,0.7
2025-01-05,23.50,24.9,7.7
2025-01-06,7.40,31.6,7.3
2025-01-07,0.10,13.3,2.4
2025-01-08,3.00,11.2,0.6
2025-01-09,0.60,11.7,1.0
2025-01-10,0.00,7.6,-0.7
2025-01-11,0.00,4.8,-2.2
2025-01-12,0.00,8.6,-0.7
2025-01-13,0.00,11.0,3.3
2025-01-14,0.00,11.8,5.2
2025-01-15,0.00,7.0,8.6
2025-01-16,0.00,10.8,7.4
2025-01-17,0.00,8.1,5.3
2025-01-18,0.00,7.5,2.6
2025-01-19,0.20,8.5,2.5
2025-01-20,0.10,8.6,3.5
2025-01-21,0.00,7.3,2.3
2025-01-22,1.00,9.2,3.2
2025-01-23,4.70,23.2,4.6
2025-01-24,3.80,33.5,8.9
2025-01-25,2.10,12.8,5.4
2025-01-26,8.30,30.2,4.8
2025-01-27,9.00,28.3,7.6
2025-01-28,4.00,24.8,8.4
2025-01-29,0.20,16.3,6.0
2025-01-30,0.00,13.2,4.6
2025-01-31,3.50,17.7,5.2
2025-02-01,0.00,10.6,5.2
2025-02-02,0.00,9.6,3.4
2025-02-03,0.00,11.3,4.1
2025-02-04,0.20,20.7,8.2
2025-02-05,0.00,11.8,5.9
2025-02-06,0.00,16.4,3.9
2025-02-07,4.60,22.7,3.4
2025-02-08,2.20,14.1,4.7
2025-02-09,1.00,14.7,3.4
2025-02-10,3.50,17.3,3.6
2025-02-11,0.00,11.2,3.7
2025-02-12,0.20,9.6,4.4
2025-02-13,0.20,11.0,3.4
2025-02-14,0.00,14.4,2.5
2025-02-15,0.90,10.1,3.2
2025-02-16,0.00,17.1,2.8
2025-02-17,0.00,12.4,1.7
2025-02-18,0.00,12.2,2.4
2025-02-19,0.00,10.8,4.5
2025-02-20,3.10,23.5,11.0
2025-02-21,5.30,21.5,12.7
2025-02-22,6.10,12.1,10.4
2025-02-23,1.40,25.2,9.0
2025-02-24,13.80,25.7,10.5
2025-02-25,0.80,12.0,8.1
2025-02-26,5.80,23.9,5.5
2025-02-27,0.00,15.9,5.6
2025-02-28,0.00,7.4,4.7
2025-03-01,0.00,7.5,4.0
2025-03-02,0.00,6.3,3.6
2025-03-03,0.00,5.0,4.3
2025-03-04,0.00,9.8,5.3
2025-03-05,0.00,8.4,6.4
2025-03-06,0.00,12.3,9.4
2025-03-07,0.00,12.8,12.2
2025-03-08,0.00,11.2,11.2
2025-03-09,0.00,11.0,10.9
2025-03-10,0.40,14.7,9.2
2025-03-11,0.40,17.2,6.5
2025-03-12,4.00,10.3,4.4
2025-03-13,0.70,16.0,3.7
2025-03-14,0.40,13.3,3.6
2025-03-15,0.20,18.1,4.0
2025-03-16,0.00,17.4,3.9
2025-03-17,0.30,15.7,5.8
2025-03-18,0.00,14.8,5.7
2025-03-19,0.00,8.7,8.5
2025-03-20,0.00,10.4,12.4
2025-03-21,0.80,14.4,13.1
2025-03-22,1.40,12.4,12.9
2025-03-23,2.80,16.0,10.8
2025-03-24,0.00,12.7,9.3
2025-03-25,0.20,11.7,10.1
2025-03-26,0.30,9.3,12.0
2025-03-27,0.00,11.9,10.1
2025-03-28,0.80,16.3,10.1
2025-03-29,0.00,17.6,8.6
2025-03-30,0.00,20.0,12.2
2025-03-31,0.00,10.8,10.6
2025-04-01,0.00,19.8,9.2
2025-04-02,0.00,22.1,11.1
2025-04-03,0.00,16.9,13.2
2025-04-04,0.00,16.3,14.8
2025-04-05,0.00,18.0,11.3
2025-04-06,0.00,15.7,9.8
2025-04-07,0.00,11.8,9.3
2025-04-08,0.00,11.5,9.9
2025-04-09,0.00,13.8,9.0
2025-04-10,0.00,10.4,10.6
2025-04-11,0.00,10.4,14.3
2025-04-12,0.00,12.5,15.3
2025-04-13,0.30,16.6,13.7
2025-04-14,0.10,17.6,11.3
2025-04-15,9.80,17.9,12.7
2025-04-16,0.20,25.1,11.1
2025-04-17,0.00,12.2,11.7
2025-04-18,0.10,21.3,13.0
2025-04-19,0.20,19.9,12.6
2025-04-20,0.00,13.4,10.1
2025-04-21,3.70,11.7,12.2
2025-04-22,0.00,15.4,11.9
2025-04-23,9.50,20.1,10.1
2025-04-24,0.00,10.0,11.0
2025-04-25,0.00,11.4,10.6
2025-04-26,0.00,10.3,12.4
2025-04-27,0.00,8.9,14.8
2025-04-28,0.00,13.9,17.2
2025-04-29,0.00,12.3,16.9
2025-04-30,0.00,12.4,17.8
2025-05-01,0.00,11.8,20.7
2025-05-02,1.50,11.8,19.7
2025-05-03,0.00,19.9,14.7
2025-05-04,0.00,19.1,10.3
2025-05-05,0.90,25.1,9.4
2025-05-06,0.10,15.2,10.1
2025-05-07,0.00,17.2,11.2
2025-05-08,0.00,16.3,11.9
2025-05-09,0.00,16.5,12.8
2025-05-10,0.00,17.1,15.9
2025-05-11,0.00,14.1,17.9
2025-05-12,4.70,15.8,18.1
2025-05-13,0.00,15.2,17.8
2025-05-14,0.00,16.6,15.9
2025-05-15,0.00,19.0,12.2
2025-05-16,0.00,14.6,13.2
2025-05-17,0.00,13.8,14.1
2025-05-18,0.00,12.9,13.5
2025-05-19,0.20,14.9,14.6
2025-05-20,0.00,11.5,16.1
2025-05-21,3.00,14.9,15.0
2025-05-22,0.00,11.8,11.9
2025-05-23,0.10,16.3,12.8
2025-05-24,6.00,20.7,16.5
2025-05-25,1.00,23.2,16.6
2025-05-26,0.00,23.1,14.6
2025-05-27,6.60,26.1,15.4
2025-05-28,1.10,19.6,17.0
2025-05-29,2.10,23.7,18.1
2025-05-30,0.20,15.2,19.0
2025-05-31,0.00,17.6,20.9
2025-06-01,0.00,21.5,17.5
2025-06-02,0.40,18.0,16.7
2025-06-03,3.70,25.6,14.4
2025-06-04,0.10,19.0,14.5
2025-06-05,9.20,23.4,14.0
2025-06-06,0.90,20.2,14.9
2025-06-07,13.50,17.4,13.4
2025-06-08,0.00,18.2,13.4
2025-06-09,0.00,16.8,15.3
2025-06-10,0.20,18.0,17.6
2025-06-11,0.20,15.8,17.5
2025-06-12,0.80,15.0,19.6
2025-06-13,0.60,13.4,22.8
2025-06-14,4.60,20.2,20.2
2025-06-15,0.20,16.2,18.3
2025-06-16,0.00,12.7,20.8
2025-06-17,0.00,14.4,21.4
2025-06-18,0.00,9.9,22.8
2025-06-19,0.00,17.7,25.3
2025-06-20,0.00,12.6,23.4
2025-06-21,0.00,14.4,25.5
2025-06-22,0.00,24.2,22.1
2025-06-23,0.40,20.8,18.9
2025-06-24,0.30,23.2,19.3
2025-06-25,0.00,12.5,21.4
2025-06-26,3.70,22.9,20.2
2025-06-27,1.80,19.7,20.0
2025-06-28,0.10,17.1,23.3
2025-06-29,0.00,14.8,23.6
2025-06-30,0.00,12.2,25.7
2025-07-01,0.00,10.8,28.2
2025-07-02,4.10,16.4,20.5
2025-07-03,0.00,11.4,18.6
2025-07-04,0.00,17.3,20.7
2025-07-05,2.10,23.0,19.4
2025-07-06,3.80,15.3,19.3
2025-07-07,10.00,18.3,16.5
2025-07-08,0.20,13.8,17.4
2025-07-09,0.90,8.7,19.9
2025-07-10,0.00,12.2,23.8
2025-07-11,0.00,9.7,25.4
2025-07-12,0.00,12.4,24.0
2025-07-13,0.10,9.8,22.2
2025-07-14,0.90,23.2,21.3
2025-07-15,0.70,24.2,18.5
2025-07-16,0.00,17.0,19.9
2025-07-17,0.80,10.7,22.0
2025-07-18,0.00,12.3,23.6
2025-07-19,16.10,10.2,20.2
2025-07-20,2.80,17.2,18.2
2025-07-21,0.60,13.4,18.1
2025-07-22,1.00,12.3,18.8
2025-07-23,1.70,10.0,18.6
2025-07-24,0.90,16.4,18.1
2025-07-25,0.00,10.9,20.5
2025-07-26,0.20,11.2,20.1
2025-07-27,0.30,14.3,18.5
2025-07-28,0.00,13.7,20.0
2025-07-29,0.80,9.6,18.4
2025-07-30,0.80,14.0,20.4
2025-07-31,26.70,12.4,18.7
2025-08-01,1.20,16.2,16.5
2025-08-02,0.00,9.6,16.7
2025-08-03,2.50,17.2,18.3
2025-08-04,1.00,24.0,19.2
2025-08-05,0.00,19.7,17.1
2025-08-06,0.00,12.3,17.1
2025-08-07,0.00,19.8,18.8
2025-08-08,0.00,13.7,20.4
2025-08-09,0.00,17.1,19.7
2025-08-10,0.00,9.7,20.7
2025-08-11,0.50,12.2,22.8
2025-08-12,0.60,13.3,24.7
2025-08-13,0.00,14.6,22.2
2025-08-14,0.00,13.1,21.8
2025-08-15,0.00,15.1,23.1
2025-08-16,0.10,13.4,19.5
2025-08-17,0.00,12.6,18.2
2025-08-18,0.20,13.6,18.8
2025-08-19,0.10,16.5,19.4
2025-08-20,0.00,17.1,17.3
2025-08-21,0.10,14.6,16.8
2025-08-22,0.00,9.9,17.4
2025-08-23,0.00,9.9,19.1
2025-08-24,0.00,9.7,19.2
2025-08-25,0.00,12.6,20.6
2025-08-26,0.20,18.9,21.1
2025-08-27,1.30,20.8,18.2
2025-08-28,2.40,19.6,17.1
2025-08-29,19.50,14.8,16.5
2025-08-30,2.00,23.3,16.8
2025-08-31,0.90,21.3,17.0
2025-09-01,3.30,22.7,16.4
2025-09-02,1.80,15.4,15.7
2025-09-03,25.70,27.5,17.7
2025-09-04,4.70,20.7,16.1
2025-09-05,0.00,9.8,15.8
2025-09-06,0.00,17.6,17.6
2025-09-07,0.00,18.0,19.4
2025-09-08,0.10,13.4,16.4
2025-09-09,0.30,11.3,15.6
2025-09-10,7.70,19.4,15.6
2025-09-11,3.70,22.8,14.3
2025-09-12,4.40,18.4,13.9
2025-09-13,3.00,17.7,14.0
2025-09-14,3.50,26.3,13.6
2025-09-15,0.40,31.6,15.7
2025-09-16,0.00,21.8,14.7
2025-09-17,1.10,24.4,16.0
2025-09-18,0.00,21.9,18.6
2025-09-19,0.00,13.3,18.9
2025-09-20,0.00,24.5,16.7
2025-09-21,0.00,22.5,12.6
2025-09-22,0.00,16.2,11.4
2025-09-23,0.00,15.7,11.5
2025-09-24,0.00,16.1,13.2
2025-09-25,0.00,17.6,13.4
2025-09-26,1.10,15.7,12.8
2025-09-27,0.00,15.1,13.7
2025-09-28,0.50,9.4,13.8
2025-09-29,0.00,8.6,13.2
2025-09-30,0.00,6.4,13.7
2025-10-01,0.10,8.8,13.1
2025-10-02,0.00,15.7,14.5
2025-10-03,11.60,28.6,16.2
2025-10-04,4.40,31.5,13.2
2025-10-05,0.00,22.5,12.8
2025-10-06,0.00,11.4,13.9
2025-10-07,0.00,12.3,14.1
2025-10-08,0.40,8.2,13.7
2025-10-09,0.00,11.1,12.3
2025-10-10,0.10,7.2,13.9
2025-10-11,0.00,5.5,12.7
2025-10-12,0.00,9.1,11.3
2025-10-13,0.20,12.1,13.7
2025-10-14,0.10,11.1,12.4
2025-10-15,0.00,10.5,11.6
2025-10-16,0.00,7.8,12.3
2025-10-17,0.00,8.6,12.8
2025-10-18,0.00,13.5,12.5
2025-10-19,6.10,17.6,13.6
2025-10-20,3.40,17.3,13.2
2025-10-21,0.20,17.7,12.8
2025-10-22,7.80,15.3,11.4
2025-10-23,16.30,25.6,9.8
2025-10-24,0.00,20.2,8.6
2025-10-25,1.10,17.4,9.1
2025-10-26,0.70,19.3,7.6
2025-10-27,0.00,26.7,11.1
2025-10-28,0.30,21.0,12.4
2025-10-29,4.70,14.9,11.0
2025-10-30,0.00,17.7,9.3
2025-10-31,4.20,22.7,14.5
2025-11-01,4.70,25.9,12.8
2025-11-02,3.80,14.8,9.3
2025-11-03,1.30,20.7,12.8
2025-11-04,0.00,19.9,14.4
2025-11-05,0.10,19.7,15.5
2025-11-06,1.10,14.3,15.0
2025-11-07,0.30,12.7,13.3
2025-11-08,2.90,12.0,12.2
2025-11-09,0.00,15.9,10.2
2025-11-10,5.80,18.5,11.9
2025-11-11,1.00,21.6,12.2
2025-11-12,0.80,23.6,14.4
2025-11-13,4.60,15.7,14.4
2025-11-14,15.20,14.0,13.0
2025-11-15,0.30,10.1,11.8
2025-11-16,0.60,12.9,9.2
2025-11-17,0.00,16.2,5.6
2025-11-18,0.10,12.9,3.2
2025-11-19,6.30,24.9,3.5
2025-11-20,0.00,15.0,1.2
2025-11-21,0.00,13.8,2.4
2025-11-22,10.40,19.6,5.3
2025-11-23,9.70,22.5,7.7
2025-11-24,1.60,17.3,5.6
2025-11-25,0.00,16.8,5.1
2025-11-26,0.40,15.1,3.5
2025-11-27,1.40,19.2,11.6
2025-11-28,0.20,18.6,10.7
2025-11-29,3.90,24.2,9.1
2025-11-30,0.00,12.5,5.2
2025-12-01,5.50,30.3,10.0
2025-12-02,3.80,21.7,8.8
2025-12-03,0.80,12.6,6.3
2025-12-04,6.10,16.6,6.6
2025-12-05,10.60,30.2,4.6
2025-12-06,1.00,20.6,10.1
2025-12-07,4.30,25.6,11.0
2025-12-08,0.40,16.5,12.0
2025-12-09,6.90,24.9,13.3
2025-12-10,0.00,19.4,10.9
2025-12-11,0.00,14.2,9.3
2025-12-12,0.20,13.8,10.3
2025-12-13,0.00,12.5,6.4
2025-12-14,0.00,18.3,8.2
2025-12-15,0.00,18.1,10.5
2025-12-16,4.50,12.7,9.7
2025-12-17,0.00,21.3,6.3
2025-12-18,17.50,30.6,11.0
2025-12-19,0.40,18.8,8.7
2025-12-20,0.00,11.4,6.5
2025-12-21,4.30,16.2,8.8
2025-12-22,1.70,13.9,9.2
2025-12-23,0.10,16.1,6.9
2025-12-24,0.00,24.6,5.0
2025-12-25,0.00,23.3,3.8
2025-12-26,0.00,17.9,4.2
2025-12-27,0.00,22.2,5.1
2025-12-28,0.00,14.8,6.5
2025-12-29,0.00,11.9,4.9
2025-12-30,0.00,12.2,4.5
2025-12-31,0.00,11.4,0.7
2026-01-01,0.00,17.3,2.7
2026-01-02,0.40,16.5,1.8
2026-01-03,0.00,15.1,0.3
2026-01-04,0.00,11.0,-1.0
2026-01-05,0.00,10.6,-1.3
2026-01-06,0.60,18.7,-1.1
2026-01-07,7.60,19.8,2.9
2026-01-08,13.50,23.3,3.5
2026-01-09,2.90,25.9,3.8
2026-01-10,0.00,16.6,1.5
2026-01-11,2.00,28.2,4.0
2026-01-12,0.60,24.1,10.0
2026-01-13,12.90,19.4,9.5
2026-01-14,3.20,12.7,4.4
2026-01-15,15.20,22.9,8.3
2026-01-16,0.60,13.0,6.7
2026-01-17,1.30,11.5,7.5
2026-01-18,0.50,10.1,8.2
2026-01-19,0.80,12.5,8.4
2026-01-20,3.40,25.2,8.8
2026-01-21,12.50,24.7,8.1
2026-01-22,2.50,17.1,8.8
2026-01-23,3.50,20.2,7.2
2026-01-24,3.90,18.8,7.0
2026-01-25,3.10,17.6,6.4
2026-01-26,0.20,15.3,5.1
2026-01-27,16.70,26.8,6.9
2026-01-28,0.20,12.4,5.1
2026-01-29,0.00,14.2,4.1
2026-01-30,5.50,19.5,7.2
2026-01-31,0.60,12.8,7.4
2026-02-01,6.30,10.4,7.0
2026-02-02,0.30,17.1,6.8
2026-02-03,9.90,16.7,4.7
2026-02-04,1.60,16.5,6.3
2026-02-05,8.70,17.0,7.3
2026-02-06,9.70,14.4,8.7
2026-02-07,3.10,18.7,8.6
2026-02-08,0.50,10.7,8.5
2026-02-09,4.60,14.9,8.1
2026-02-10,3.70,14.5,9.0
2026-02-11,2.40,18.9,10.0
2026-02-12,3.40,13.3,8.0
2026-02-13,2.10,16.8,6.2
2026-02-14,0.00,16.1,3.4
2026-02-15,9.10,18.1,5.0
2026-02-16,2.60,21.8,6.5
2026-02-17,0.00,17.6,4.1
2026-02-18,5.30,21.5,4.0
2026-02-19,2.20,15.8,5.4
2026-02-20,1.70,23.5,7.6
2026-02-21,3.90,22.1,11.0
2026-02-22,2.00,19.2,11.8
2026-02-23,0.70,20.5,10.4
2026-02-24,0.20,20.2,12.2
2026-02-25,0.00,14.7,12.2
2026-02-26,0.40,28.1,11.1
2026-02-27,4.60,19.9,11.3
2026-02-28,4.50,20.4,8.2
2026-03-01,0.60,21.9,9.5
2026-03-02,0.00,17.2,11.1
2026-03-03,0.00,11.0,9.3
2026-03-04,0.00,11.0,8.4
2026-03-05,0.00,11.0,11.5
2026-03-06,5.40,9.9,9.2
2026-03-07,0.00,9.6,8.1
2026-03-08,0.00,8.6,8.8
2026-03-09,0.20,8.2,9.7
2026-03-10,0.20,18.5,10.0
2026-03-11,1.90,21.7,10.2
2026-03-12,0.60,33.1,9.6
2026-03-13,6.50,29.0,7.7
2026-03-14,0.70,11.9,5.9
2026-03-15,2.60,26.1,6.8
2026-03-16,0.00,20.2,8.3
2026-03-17,0.00,19.8,11.1
2026-03-18,0.00,13.3,11.8
2026-03-19,0.00,11.2,10.2
2026-03-20,0.00,9.4,8.3
2026-03-21,0.00,8.1,7.5
2026-03-22,0.00,6.3,7.0
2026-03-23,0.00,11.7,9.2
2026-03-24,1.70,27.4,10.5
2026-03-25,3.30,27.9,7.0
2026-03-26,0.00,14.8,5.8
2026-03-27,1.10,15.9,8.8
2026-03-28,0.50,20.1,7.0
2026-03-29,0.50,22.2,6.9
2026-03-30,0.20,23.3,9.1
2026-03-31,0.40,11.6,11.4
2026-04-01,0.10,8.6,11.2
2026-04-02,0.00,14.8,8.5
2026-04-03,1.50,26.4,11.4
2026-04-04,0.40,28.0,11.2
2026-04-05,0.40,27.5,10.5
2026-04-06,0.00,11.5,9.4
2026-04-07,0.00,14.2,13.0
2026-04-08,0.00,9.7,17.7
2026-04-09,0.20,21.4,15.3
2026-04-10,0.00,14.8,9.3
2026-04-11,0.30,24.5,10.6
2026-04-12,0.30,22.0,10.8
2026-04-13,1.00,10.9,9.3
2026-04-14,0.00,17.9,11.4
2026-04-15,1.00,26.9,14.1
2026-04-16,0.50,17.8,13.4
2026-04-17,0.70,20.3,13.8
2026-04-18,0.10,12.7,13.2
2026-04-19,0.00,12.1,11.3
2026-04-20,0.00,15.4,10.1
2026-04-21,0.00,22.4,9.9
2026-04-22,0.00,21.3,11.5
2026-04-23,0.00,14.8,12.1
2026-04-24,0.00,12.6,11.5
2026-04-25,0.00,8.9,13.1
2026-04-26,0.00,11.6,13.5
2026-04-27,0.60,13.4,14.5
2026-04-28,0.40,23.4,12.3
2026-04-29,0.00,25.6,13.2
2026-04-30,0.00,17.7,15.7
2026-05-01,0.00,13.9,17.6
2026-05-02,7.80,13.4,16.0
2026-05-03,1.60,11.3,15.4
2026-05-04,0.40,10.4,13.9
2026-05-05,0.70,13.2,13.5
2026-05-06,0.60,14.8,10.9
2026-05-07,0.40,12.3,11.3
2026-05-08,0.00,10.8,13.4
2026-05-09,0.00,14.8,15.4
2026-05-10,0.30,19.9,11.5
